DATE,averageEarnings,manufacturingWorkers,urbanCPI,rentCPI,employmentRatio,civilianEmployment,nonfarmPayroll,producerPrice,retailSales,freightIndex,gdp
1/1/1948,,14402,23.7,27,56.6,56339,44224,,,,6.2
2/1/1948,,14344,23.5,27.1,56.7,56440,43956,,,,6.2
3/1/1948,,14373,23.4,27.1,56.1,56601,44291,,,,6.2
4/1/1948,,14082,23.8,27.2,56.7,57471,44082,,,,6.8
5/1/1948,,14019,23.9,27.3,56.2,57763,44471,,,,6.8
6/1/1948,,14173,24.1,27.4,57,59724,44951,,,,6.8
7/1/1948,,14230,24.4,27.5,57.1,59955,44989,,,,2.3
8/1/1948,,14463,24.5,27.6,56.6,59677,45338,,,,2.3
9/1/1948,,14667,24.5,27.8,56.6,59337,45796,,,,2.3
10/1/1948,,14543,24.4,27.9,56.5,59290,45693,,,,0.4
11/1/1948,,14388,24.2,28,56.5,58991,45588,,,,0.4
12/1/1948,,14203,24.1,28.1,56.8,58554,46074,,,,0.4
1/1/1949,,13833,24,28.2,56.2,56486,44159,,,,-5.4
2/1/1949,,13715,23.8,28.3,56.2,56320,43821,,,,-5.4
3/1/1949,,13554,23.8,28.4,56,56809,43747,,,,-5.4
4/1/1949,,13293,23.9,28.5,55.7,56929,43881,,,,-1.4
5/1/1949,,13034,23.8,28.6,55.4,57669,43636,,,,-1.4
6/1/1949,,13038,23.9,28.6,55,58231,43668,,,,-1.4
7/1/1949,,12932,23.7,28.7,55,58171,43352,,,,4.2
8/1/1949,,13282,23.8,28.8,55.1,58504,43823,,,,4.2
9/1/1949,,13467,23.9,28.9,55.3,58324,44335,,,,4.2
10/1/1949,,13070,23.7,29,54.9,58050,43447,,,,-3.3
11/1/1949,,12977,23.8,29.1,55.6,58616,43653,,,,-3.3
12/1/1949,,13174,23.6,29.2,55.3,57712,44596,,,,-3.3
1/1/1950,,13122,23.5,29.4,55.1,56189,42976,,,,16.7
2/1/1950,,13138,23.5,29.4,55.1,56197,42573,,,,16.7
3/1/1950,,13248,23.6,29.5,55.1,56733,43410,,,,16.7
4/1/1950,,13315,23.6,29.5,55.8,57812,44011,,,,12.8
5/1/1950,,13558,23.7,29.7,55.8,58719,44377,,,,12.8
6/1/1950,,13811,23.8,29.7,56.2,59997,45044,,,,12.8
7/1/1950,,13932,24.1,29.8,56.1,59839,45272,,,,16.4
8/1/1950,,14587,24.3,29.9,56.8,60948,46401,,,,16.4
9/1/1950,,14804,24.4,29.9,56.6,60245,47005,,,,16.4
10/1/1950,,14928,24.6,30,56.9,60708,47239,,,,7.9
11/1/1950,,14852,24.7,30.1,56.9,60313,47207,,,,7.9
12/1/1950,,14864,25,30.2,56.7,59352,47931,,,,7.9
1/1/1951,,14889,25.4,30.2,56.9,58166,46686,,,,5.5
2/1/1951,,15047,25.7,30.4,57,58102,46833,,,,5.5
3/1/1951,,15085,25.8,30.6,57.7,59366,47312,,,,5.5
4/1/1951,,15032,25.8,30.7,57.3,59206,47505,,,,7.1
5/1/1951,,14960,25.9,30.8,57.6,60219,47624,,,,7.1
6/1/1951,,15088,25.9,30.8,57.1,60373,48059,,,,7.1
7/1/1951,,14973,25.9,30.9,57.6,60968,47888,,,,8.5
8/1/1951,,15184,25.9,31,57.4,61128,48195,,,,8.5
9/1/1951,,15223,26.1,31.2,57.1,60408,48486,,,,8.5
10/1/1951,,15153,26.2,31.4,57.3,60906,48550,,,,0.9
11/1/1951,,15089,26.4,31.5,57.1,60464,48621,,,,0.9
12/1/1951,,15111,26.5,31.6,57.7,60252,49397,,,,0.9
1/1/1952,,14989,26.5,31.7,57.7,58884,47659,,,,4.3
2/1/1952,,15069,26.3,31.9,57.7,58834,47765,,,,4.3
3/1/1952,,15090,26.3,31.9,57.1,58912,47931,,,,4.3
4/1/1952,,15049,26.4,31.9,57.1,59232,48268,,,,0.9
5/1/1952,,14953,26.4,32.1,57.3,60250,48319,,,,0.9
6/1/1952,,14754,26.5,32.1,57.3,60988,48305,,,,0.9
7/1/1952,,14569,26.7,32.2,57,60775,47977,,,,2.9
8/1/1952,,15391,26.7,32.3,56.8,60872,49077,,,,2.9
9/1/1952,,15769,26.7,32.3,57.4,61162,49829,,,,2.9
10/1/1952,,15868,26.7,32.5,56.9,60992,50156,,,,13.8
11/1/1952,,15952,26.7,32.7,57.5,61394,50346,,,,13.8
12/1/1952,,16034,26.7,33,57.6,60748,51274,,,,13.8
1/1/1953,,15973,26.6,33.1,57.8,60134,49470,,,,7.6
2/1/1953,,16105,26.5,33.2,58,60271,49541,,,,7.6
3/1/1953,,16231,26.6,33.2,58.1,60874,49878,,,,7.6
4/1/1953,,16190,26.6,33.4,57.5,60757,50071,,,,3.1
5/1/1953,,16165,26.7,33.6,57.1,61061,50182,,,,3.1
6/1/1953,,16284,26.8,33.7,57.4,62166,50575,,,,3.1
7/1/1953,,16214,26.8,33.8,57.4,62186,50390,,,,-2.2
8/1/1953,,16383,26.9,34.2,57.1,62271,50631,,,,-2.2
9/1/1953,,16354,26.9,34.4,56.8,61529,50867,,,,-2.2
10/1/1953,,16154,27,34.6,56.7,61805,50807,,,,-5.9
11/1/1953,,15860,26.9,34.8,56.5,61302,50472,,,,-5.9
12/1/1953,,15654,26.9,34.9,55.7,59796,50833,,,,-5.9
1/1/1954,,15341,26.9,34.9,55.7,58645,48766,,,,-1.9
2/1/1954,,15235,26.9,34.9,56.2,59059,48543,,,,-1.9
3/1/1954,,15150,26.9,35,55.7,59119,48519,,,,-1.9
4/1/1954,,14955,26.8,35,55.7,59537,48787,,,,0.4
5/1/1954,,14808,26.9,35.1,55.4,60020,48679,,,,0.4
6/1/1954,,14865,26.9,35.1,55.2,60497,48999,,,,0.4
7/1/1954,,14647,26.9,35.1,55,60523,48704,,,,4.6
8/1/1954,,14866,26.9,35.1,55.2,60858,48974,,,,4.6
9/1/1954,,14998,26.8,35.2,55.5,60952,49391,,,,4.6
10/1/1954,,15026,26.8,35.3,55.5,61210,49515,,,,8.1
11/1/1954,,15069,26.8,35.3,55.5,60901,49765,,,,8.1
12/1/1954,,15060,26.7,35.4,55.2,59990,50473,,,,8.1
1/1/1955,,14939,26.7,35.4,55.7,59354,48764,,,,11.9
2/1/1955,,15054,26.7,35.4,55.7,59336,48764,,,,11.9
3/1/1955,,15193,26.7,35.5,55.8,59850,49269,,,,11.9
4/1/1955,,15248,26.7,35.5,56.2,60861,49822,,,,6.7
5/1/1955,,15324,26.7,35.6,56.3,61780,50254,,,,6.7
6/1/1955,,15548,26.7,35.6,56.3,62568,50957,,,,6.7
7/1/1955,,15458,26.8,35.6,56.9,63497,50868,,,,5.5
8/1/1955,,15768,26.8,35.7,57.1,63876,51270,,,,5.5
9/1/1955,,15856,26.9,35.7,57.2,63676,51791,,,,5.5
10/1/1955,,15940,26.9,35.7,57.2,64138,52021,,,,2.4
11/1/1955,,15987,26.9,35.8,57.4,63840,52193,,,,2.4
12/1/1955,,15977,26.8,35.8,57.7,63268,52950,,,,2.4
1/1/1956,,15801,26.8,35.9,57.8,62049,51249,,,,-1.5
2/1/1956,,15797,26.8,35.9,57.5,61773,51255,,,,-1.5
3/1/1956,,15743,26.8,35.9,57.3,62172,51531,,,,-1.5
4/1/1956,,15755,26.9,36,57.5,63002,51897,,,,3.3
5/1/1956,,15706,27,36.1,57.6,64045,52245,,,,3.3
6/1/1956,,15792,27.2,36.2,57.5,64707,52778,,,,3.3
7/1/1956,,15316,27.4,36.4,57.5,64940,51847,,,,-0.4
8/1/1956,,15982,27.3,36.4,57.6,65085,52802,,,,-0.4
9/1/1956,,16062,27.4,36.5,57.6,64831,53165,,,,-0.4
10/1/1956,,16160,27.5,36.5,57.5,65074,53409,,,,6.7
11/1/1956,,16102,27.5,36.6,57.3,64310,53435,,,,6.7
12/1/1956,,16085,27.6,36.7,57.3,63619,54068,,,,6.7
1/1/1957,,15896,27.6,36.7,57,61974,52168,,,,2.6
2/1/1957,,15893,27.7,36.7,57.5,62512,52146,,,,2.6
3/1/1957,,15887,27.8,36.7,57.6,63134,52336,,,,2.6
4/1/1957,,15789,27.9,36.8,57.2,63512,52713,,,,-0.9
5/1/1957,,15736,28,36.8,57.1,64213,52896,,,,-0.9
6/1/1957,,15834,28.1,36.9,57.2,65127,53298,,,,-0.9
7/1/1957,,15722,28.3,37,57.5,65726,53041,,,,4
8/1/1957,,15963,28.3,37,56.9,65009,53326,,,,4
9/1/1957,,15932,28.3,37.1,57,64769,53536,,,,4
10/1/1957,,15825,28.3,37.2,56.8,65112,53412,,,,-4.1
11/1/1957,,15647,28.4,37.3,56.4,64129,53161,,,,-4.1
12/1/1957,,15447,28.4,37.3,56.6,63598,53479,,,,-4.1
1/1/1958,,15055,28.6,37.4,55.9,61508,51353,,,,-10
2/1/1958,,14786,28.6,37.4,55.5,61265,50588,,,,-10
3/1/1958,,14546,28.8,37.5,55.3,61567,50418,,,,-10
4/1/1958,,14313,28.9,37.6,55.2,62116,50477,,,,2.7
5/1/1958,,14232,28.9,37.6,55.4,63098,50703,,,,2.7
6/1/1958,,14387,28.9,37.6,55.2,63652,51197,,,,2.7
7/1/1958,,14343,29,37.6,55.2,63810,51013,,,,9.6
8/1/1958,,14637,28.9,37.7,55.4,64018,51470,,,,9.6
9/1/1958,,14906,28.9,37.8,55.4,63766,52141,,,,9.6
10/1/1958,,14722,28.9,37.8,55.6,64480,52134,,,,9.7
11/1/1958,,14990,29,37.8,55.5,63890,52511,,,,9.7
12/1/1958,,14955,28.9,37.9,55.5,63266,53103,,,,9.7
1/1/1959,,14901,29,37.9,55.7,62052,51721,,,,7.9
2/1/1959,,14969,28.9,38,55.5,62015,51642,,,,7.9
3/1/1959,,15120,28.9,38,56,63091,52087,,,,7.9
4/1/1959,,15201,29,38.1,56.3,64241,52774,,,,9.3
5/1/1959,,15335,29,38.1,56.2,65036,53384,,,,9.3
6/1/1959,,15570,29.1,38.1,56.3,65924,54038,,,,9.3
7/1/1959,,15544,29.2,38.1,56.3,66193,53843,,,,0.3
8/1/1959,,15337,29.2,38.2,56.1,65897,53636,,,,0.3
9/1/1959,,15512,29.3,38.3,56,65414,54082,,,,0.3
10/1/1959,,15351,29.4,38.4,56.1,65891,53991,,,,1.1
11/1/1959,,15441,29.4,38.4,55.7,64877,54168,,,,1.1
12/1/1959,,15617,29.4,38.5,56.3,64927,55124,,,,1.1
1/1/1960,,15559,29.3,38.5,56,63375,53448,,,,9.3
2/1/1960,,15599,29.4,38.5,56.2,63871,53422,,,,9.3
3/1/1960,,15559,29.4,38.6,55.4,63607,53494,,,,9.3
4/1/1960,,15489,29.5,38.7,56.4,65450,54285,,,,-2.1
5/1/1960,,15454,29.5,38.7,56.4,66342,54349,,,,-2.1
6/1/1960,,15509,29.6,38.7,56.5,67288,54768,,,,-2.1
7/1/1960,,15361,29.6,38.7,56.2,67239,54412,,,,2
8/1/1960,,15509,29.6,38.8,56.1,67004,54610,,,,2
9/1/1960,,15601,29.6,38.8,56.4,66892,54906,,,,2
10/1/1960,,15417,29.8,38.9,55.8,66563,54779,,,,-5
11/1/1960,,15241,29.8,39,56.1,66394,54478,,,,-5
12/1/1960,,14958,29.8,39,55.7,65287,54601,,,,-5
1/1/1961,,14697,29.8,39,55.7,63797,52780,,,,2.7
2/1/1961,,14610,29.8,39.1,55.5,63869,52414,,,,2.7
3/1/1961,,14642,29.8,39.1,55.6,64700,52694,,,,2.7
4/1/1961,,14680,29.8,39.2,55.2,64957,53135,,,,7
5/1/1961,,14836,29.8,39.2,55.2,65831,53690,,,,7
6/1/1961,,15049,29.8,39.2,55.6,67151,54455,,,,7
7/1/1961,,15004,30,39.2,55.2,66911,54288,,,,7.9
8/1/1961,,15246,29.9,39.2,55.3,67028,54662,,,,7.9
9/1/1961,,15353,30,39.3,55,66036,55074,,,,7.9
10/1/1961,,15327,30,39.4,55.3,66786,55160,,,,8.1
11/1/1961,,15381,30,39.4,55.5,66348,55243,,,,8.1
12/1/1961,,15302,30,39.5,55.3,65531,55665,,,,8.1
1/1/1962,,15131,30,39.5,55.4,64215,53922,,,,7.3
2/1/1962,,15210,30.1,39.5,55.7,64872,54022,,,,7.3
3/1/1962,,15286,30.1,39.6,55.7,65421,54297,,,,7.3
4/1/1962,,15392,30.2,39.6,55.4,65957,55139,,,,3.7
5/1/1962,,15432,30.2,39.7,55.7,67066,55559,,,,3.7
6/1/1962,,15592,30.2,39.7,55.6,67852,56157,,,,3.7
7/1/1962,,15509,30.3,39.7,55.3,67849,55946,,,,5
8/1/1962,,15657,30.3,39.8,55.7,68096,56193,,,,5
9/1/1962,,15849,30.4,39.8,55.7,67621,56667,,,,5
10/1/1962,,15767,30.4,39.9,55.5,67850,56688,,,,1.3
11/1/1962,,15644,30.4,39.9,55.2,67046,56540,,,,1.3
12/1/1962,,15502,30.4,39.9,55.2,66585,56775,,,,1.3
1/1/1963,,15342,30.4,40,55.2,65168,55108,,,,4.4
2/1/1963,,15336,30.4,40,55.1,65519,55054,,,,4.4
3/1/1963,,15398,30.5,40,55.3,66329,55356,,,,4.4
4/1/1963,,15478,30.5,40,55.5,67240,56152,,,,4.6
5/1/1963,,15567,30.5,40,55.3,67984,56572,,,,4.6
6/1/1963,,15702,30.6,40.1,55.3,68844,57206,,,,4.6
7/1/1963,,15639,30.7,40.1,55.4,69225,57013,,,,9.1
8/1/1963,,15770,30.7,40.1,55.4,69052,57232,,,,9.1
9/1/1963,,15949,30.7,40.2,55.5,68567,57735,,,,9.1
10/1/1963,,15912,30.8,40.3,55.5,68964,57907,,,,2.6
11/1/1963,,15783,30.8,40.3,55.4,68471,57721,,,,2.6
12/1/1963,,15700,30.9,40.3,55.3,67791,58109,,,,2.6
1/1/1964,,15508,30.9,40.3,55.3,66468,56460,,,,8.7
2/1/1964,,15552,30.9,40.4,55.6,67197,56601,,,,8.7
3/1/1964,,15615,30.9,40.4,55.5,67695,56964,,,,8.7
4/1/1964,,15665,30.9,40.5,55.9,68947,57528,,,,4.4
5/1/1964,,15730,30.9,40.5,56.1,69952,58048,,,,4.4
6/1/1964,,15920,31,40.5,55.6,70448,58805,,,,4.4
7/1/1964,,15873,31.1,40.5,55.7,70839,58632,,,,6.4
8/1/1964,,16063,31,40.6,55.7,70676,58900,,,,6.4
9/1/1964,,16334,31.1,40.6,55.7,69849,59497,,,,6.4
10/1/1964,,16012,31.1,40.7,55.6,70147,59380,,,,1.2
11/1/1964,,16204,31.2,40.7,55.7,69892,59677,,,,1.2
12/1/1964,,16177,31.2,40.7,55.6,69543,60198,,,,1.2
1/1/1965,,16044,31.2,40.7,55.7,68235,58561,,,,10
2/1/1965,,16119,31.2,40.8,55.7,68690,58676,,,,10
3/1/1965,,16212,31.3,40.8,55.9,69385,59119,,,,10
4/1/1965,,16297,31.4,40.9,56,70220,59891,,,,5.1
5/1/1965,,16381,31.4,40.9,56.2,71298,60442,,,,5.1
6/1/1965,,16644,31.6,40.9,56.1,72278,61319,,,,5.1
7/1/1965,,16644,31.6,40.9,56.5,73093,61167,,,,9.2
8/1/1965,,16834,31.6,41,56.3,72695,61455,,,,9.2
9/1/1965,,17042,31.6,41,56.2,71408,62006,,,,9.2
10/1/1965,,17037,31.7,41.1,56.4,72112,62245,,,,9.5
11/1/1965,,17079,31.7,41.1,56.4,71824,62465,,,,9.5
12/1/1965,,17073,31.8,41.1,56.6,71819,63141,,,,9.5
1/1/1966,,16953,31.8,41.2,56.7,70368,61529,,,,10.1
2/1/1966,,17135,32,41.3,56.6,70691,61707,,,,10.1
3/1/1966,,17268,32.1,41.3,56.6,71090,62354,,,,10.1
4/1/1966,,17392,32.3,41.4,56.8,72066,63096,,,,1.4
5/1/1966,,17513,32.3,41.4,56.7,72619,63645,,,,1.4
6/1/1966,,17837,32.4,41.4,56.9,74037,64784,,,,1.4
7/1/1966,,17717,32.5,41.4,56.9,74655,64470,,,,3.4
8/1/1966,,17973,32.7,41.6,57,74665,64678,,,,3.4
9/1/1966,,18108,32.7,41.6,57.1,73248,65082,,,,3.4
10/1/1966,,18118,32.9,41.7,57.1,73744,65337,,,,3.3
11/1/1966,,18107,32.9,41.8,57.4,73995,65508,,,,3.3
12/1/1966,,18040,32.9,41.8,57.3,73600,66051,,,,3.3
1/1/1967,,17861,32.9,41.9,57.1,72161,64439,,,,3.6
2/1/1967,,17837,32.9,42,57,72505,64377,,,,3.6
3/1/1967,,17816,33,42,56.8,72560,64741,,,,3.6
4/1/1967,,17745,33.1,42.1,57.1,73445,65144,,,,0.2
5/1/1967,,17706,33.2,42.1,57,73638,65540,,,,0.2
6/1/1967,,17928,33.3,42.2,57.3,75393,66451,,,,0.2
7/1/1967,,17724,33.4,42.2,57.4,76220,66015,,,,3.8
8/1/1967,,17988,33.5,42.3,57.4,76170,66262,,,,3.8
9/1/1967,,18010,33.6,42.4,57.4,74632,66549,,,,3.8
10/1/1967,,17956,33.7,42.5,57.5,75180,66684,,,,3
11/1/1967,,18116,33.8,42.5,57.5,75218,67210,,,,3
12/1/1967,,18076,33.9,42.7,57.6,75337,67758,,,,3
1/1/1968,,17878,34.1,42.7,57,73272,65853,,,,8.4
2/1/1968,,17913,34.2,42.8,57.3,74114,66203,,,,8.4
3/1/1968,,17944,34.3,42.9,57.4,74517,66553,,,,8.4
4/1/1968,,17996,34.4,43,57.4,75143,67260,,,,6.9
5/1/1968,,18055,34.5,43.1,57.8,75931,67581,,,,6.9
6/1/1968,,18351,34.7,43.2,57.8,77273,68617,,,,6.9
7/1/1968,,18195,34.9,43.3,57.6,77748,68199,,,,3.1
8/1/1968,,18342,35,43.4,57.5,77431,68397,,,,3.1
9/1/1968,,18472,35.1,43.5,57.5,75939,68826,,,,3.1
10/1/1968,,18451,35.3,43.6,57.5,76365,69187,,,,1.6
11/1/1968,,18475,35.4,43.7,57.6,76608,69509,,,,1.6
12/1/1968,,18457,35.5,43.8,57.7,76699,70085,,,,1.6
1/1/1969,,18271,35.6,43.9,57.6,75357,68494,,,,6.4
2/1/1969,,18355,35.8,44.1,57.9,76180,68712,,,,6.4
3/1/1969,,18437,36.1,44.1,57.9,76520,69208,,,,6.4
4/1/1969,,18423,36.3,44.3,57.9,77077,69799,,,,1.2
5/1/1969,,18448,36.4,44.4,57.8,77265,70285,,,,1.2
6/1/1969,,18769,36.6,44.5,58,78958,71363,,,,1.2
7/1/1969,,18563,36.8,44.7,58,79615,70746,,,,2.7
8/1/1969,,18866,37,44.8,58.1,79646,71024,,,,2.7
9/1/1969,,18854,37.1,45,58.1,78026,71235,,,,2.7
10/1/1969,,18777,37.3,45.2,58.1,78671,71601,,,,-1.9
11/1/1969,,18593,37.5,45.3,58.1,78716,71630,,,,-1.9
12/1/1969,,18518,37.7,45.5,58.1,78789,72041,,,,-1.9
1/1/1970,,18254,37.8,45.6,58,77313,70229,,,,-0.6
2/1/1970,,18205,38,45.8,57.9,77489,70332,,,,-0.6
3/1/1970,,18233,38.2,46,57.9,77957,70786,,,,-0.6
4/1/1970,,18084,38.5,46.1,57.9,78408,71105,,,,0.6
5/1/1970,,17897,38.6,46.2,57.5,78374,71123,,,,0.6
6/1/1970,,18063,38.8,46.4,57.3,79416,71766,,,,0.6
7/1/1970,,17788,39,46.5,57.4,80343,71000,,,,3.7
8/1/1970,,17889,39,46.7,57.2,79965,70900,,,,3.7
9/1/1970,,17941,39.2,46.8,57,78341,71257,,,,3.7
10/1/1970,,17341,39.4,47.1,57,79019,71022,,,,-4.2
11/1/1970,,17148,39.6,47.2,56.9,78860,70983,,,,-4.2
12/1/1970,,17336,39.8,47.6,56.7,78651,71564,,,,-4.2
1/1/1971,,17100,39.8,47.7,56.8,77389,69922,,,,11.3
2/1/1971,,17050,39.9,48,56.6,77427,69844,,,,11.3
3/1/1971,,17017,40,48.1,56.4,77675,70209,,,,11.3
4/1/1971,,17022,40.1,48.3,56.6,78404,70795,,,,2.2
5/1/1971,,17102,40.3,48.5,56.6,78929,71287,,,,2.2
6/1/1971,,17279,40.6,48.7,56.2,79717,72006,,,,2.2
7/1/1971,,17026,40.7,48.7,56.5,80942,71194,,,,3.3
8/1/1971,,17234,40.8,48.9,56.6,80897,71298,,,,3.3
9/1/1971,,17410,40.8,49,56.6,79589,71931,,,,3.3
10/1/1971,,17307,40.9,49.2,56.6,80375,72180,,,,0.9
11/1/1971,,17307,40.9,49.3,56.8,80527,72479,,,,0.9
12/1/1971,,17231,41.1,49.4,56.8,80527,72880,,,,0.9
1/1/1972,,17095,41.1,49.6,56.7,79459,71481,,,,7.6
2/1/1972,,17177,41.3,49.8,56.7,79734,71668,,,,7.6
3/1/1972,,17287,41.4,49.8,56.9,80578,72261,,,,7.6
4/1/1972,,17365,41.5,50,56.9,81027,72894,,,,9.4
5/1/1972,,17483,41.6,50.1,57,81646,73525,,,,9.4
6/1/1972,,17782,41.7,50.3,57,83073,74507,,,,9.4
7/1/1972,,17451,41.9,50.4,57,83911,73502,,,,3.8
8/1/1972,,17876,42,50.5,57.1,83993,74054,,,,3.8
9/1/1972,,18042,42.1,50.6,57,82537,74612,,,,3.8
10/1/1972,,18100,42.3,50.8,57,83223,75290,,,,6.9
11/1/1972,,18172,42.4,50.9,57.2,83231,75704,,,,6.9
12/1/1972,,18200,42.5,51.1,57.3,83424,76078,,,,6.9
1/1/1973,,18076,42.6,51.5,57.1,81598,74613,,,,10.3
2/1/1973,,18198,42.9,51.7,57.5,82405,74989,,,,10.3
3/1/1973,,18299,43.3,51.9,57.8,83397,75544,,,,10.3
4/1/1973,,18359,43.6,52,57.7,83900,76132,,,,4.4
5/1/1973,,18442,43.9,52.3,57.7,84383,76712,,,,4.4
6/1/1973,,18745,44.2,52.4,58,86217,77630,,,,4.4
7/1/1973,,18493,44.3,52.5,57.9,87042,76691,,,,-2.1
8/1/1973,,18784,45.1,52.8,57.8,86616,77095,,,,-2.1
9/1/1973,,18902,45.2,53,57.9,85552,77682,,,,-2.1
10/1/1973,,18942,45.6,53.2,58.1,86717,78306,,,,3.8
11/1/1973,,18965,45.9,53.4,58.2,86562,78707,,,,3.8
12/1/1973,,18864,46.2,53.6,58.2,86390,78839,,,,3.8
1/1/1974,,18574,46.6,53.9,58.2,84843,77045,,,,-3.4
2/1/1974,,18479,47.2,54.2,58.2,85061,77163,,,,-3.4
3/1/1974,,18471,47.8,54.4,58.2,85659,77485,,,,-3.4
4/1/1974,,18516,48,54.6,58,85994,78035,,,,1
5/1/1974,,18573,48.6,54.7,58,86611,78637,,,,1
6/1/1974,,18826,49,55,58,88022,79336,,,,1
7/1/1974,,18559,49.4,55.2,58,88897,78438,,,,-3.7
8/1/1974,,18745,50,55.4,57.8,88479,78584,,,,-3.7
9/1/1974,,18817,50.6,55.7,57.7,87162,79084,,,,-3.7
10/1/1974,,18620,51.1,56,57.6,87779,79381,,,,-1.5
11/1/1974,,18266,51.5,56.2,57.3,86863,79060,,,,-1.5
12/1/1974,,17724,51.9,56.5,56.9,86169,78419,,,,-1.5
1/1/1975,,17115,52.1,56.8,56.4,83928,76189,,,,-4.8
2/1/1975,,16734,52.5,57.1,56.1,83573,75764,,,,-4.8
3/1/1975,,16612,52.7,57.2,56,84018,75808,,,,-4.8
4/1/1975,,16579,52.9,57.4,55.9,84551,76142,,,,2.9
5/1/1975,,16656,53.2,57.6,56,85173,76774,,,,2.9
6/1/1975,,16831,53.6,57.8,55.8,86507,77270,,,,2.9
7/1/1975,,16593,54.2,58,56,87742,76592,,,,7
8/1/1975,,16997,54.3,58.3,56.1,87726,77120,,,,7
9/1/1975,,17228,54.6,58.5,56.1,86399,77726,,,,7
10/1/1975,,17226,54.9,58.8,56.1,87160,78283,,,,5.5
11/1/1975,,17184,55.3,59.1,56,86700,78437,,,,5.5
12/1/1975,,17149,55.5,59.4,56.1,86689,78726,,,,5.5
1/1/1976,,17065,55.6,59.6,56.4,85652,77376,,,,9.3
2/1/1976,,17117,55.8,60,56.5,85932,77605,,,,9.3
3/1/1976,,17252,55.9,60.3,56.7,86769,78214,,,,9.3
4/1/1976,,17393,56.1,60.5,56.8,87786,79042,,,,3
5/1/1976,,17453,56.5,60.7,57,88510,79534,,,,3
6/1/1976,,17668,56.8,61,56.8,89727,80164,,,,3
7/1/1976,,17446,57.1,61.3,57,90908,79393,,,,2.2
8/1/1976,,17743,57.4,61.5,57,90690,79659,,,,2.2
9/1/1976,,17956,57.6,61.8,56.9,89281,80362,,,,2.2
10/1/1976,,17751,57.9,62.1,56.9,90041,80593,,,,2.9
11/1/1976,,17805,58,62.3,57,89892,80953,,,,2.9
12/1/1976,,17721,58.2,62.6,57,89850,81129,,,,2.9
1/1/1977,,17601,58.5,63.2,57,88217,79540,,,,4.8
2/1/1977,,17604,59.1,63.4,57.2,88601,79747,,,,4.8
3/1/1977,,17771,59.5,63.7,57.4,89597,80604,,,,4.8
4/1/1977,,17910,60,64,57.6,90660,81539,,,,8
5/1/1977,,18068,60.3,64.3,57.8,91475,82376,,,,8
6/1/1977,,18346,60.7,64.6,57.9,93154,83338,,,,8
7/1/1977,,18176,61,64.9,57.8,93879,82677,,,,7.4
8/1/1977,,18381,61.2,65.2,58,93846,82971,,,,7.4
9/1/1977,,18569,61.4,65.6,58.1,92788,83922,,,,7.4
10/1/1977,,18518,61.6,65.9,58.2,93779,84423,,,,0
11/1/1977,,18517,61.9,66.3,58.6,94027,84868,,,,0
12/1/1977,,18541,62.1,66.7,58.7,94183,85105,,,,0
1/1/1978,,18419,62.5,67.1,58.8,92616,83442,,,,1.3
2/1/1978,,18448,62.9,67.5,58.8,92755,83738,,,,1.3
3/1/1978,,18580,63.4,67.8,58.8,93545,84732,,,,1.3
4/1/1978,,18693,63.9,68.2,59.2,94783,86037,,,,16.4
5/1/1978,,18805,64.5,68.7,59.3,95486,86842,,,,16.4
6/1/1978,,19062,65.2,69.1,59.5,97530,87830,,,,16.4
7/1/1978,,18849,65.7,69.4,59.3,97917,87002,,,,4.1
8/1/1978,,19070,66,69.7,59.4,97855,87305,,,,4.1
9/1/1978,,19262,66.5,70.3,59.5,96790,87932,,,,4.1
10/1/1978,,19279,67.1,70.7,59.7,97851,88549,,,,5.5
11/1/1978,,19353,67.4,71.2,59.8,97788,89099,,,,5.5
12/1/1978,,19363,67.7,71.6,59.8,97669,89408,,,,5.5
1/1/1979,,19236,68.3,71.9,59.9,96201,87650,,,,0.7
2/1/1979,,19253,69.1,72.2,60.1,96536,87889,,,,0.7
3/1/1979,,19366,69.8,72.4,60,97282,88792,,,,0.7
4/1/1979,,19388,70.6,72.7,59.8,97478,89313,,,,0.4
5/1/1979,,19453,71.5,73.4,59.8,98057,90126,,,,0.4
6/1/1979,,19676,72.3,73.8,59.9,99800,90971,,,,0.4
7/1/1979,,19415,73.1,74.3,60,100814,89976,,,,3
8/1/1979,,19448,73.8,75,59.8,100174,90072,,,,3
9/1/1979,,19627,74.6,75.6,60,99533,90616,,,,3
10/1/1979,,19525,75.2,76.6,59.9,100120,91089,,,,1
11/1/1979,,19395,75.9,76.9,60,99907,91287,,,,1
12/1/1979,,19331,76.7,77.3,60.1,100013,91415,,,,1
1/1/1980,,19132,77.8,77.8,60,98111,89631,,,,1.3
2/1/1980,,19083,78.9,78.4,60,98235,89764,,,,1.3
3/1/1980,,19139,80.1,78.8,59.7,98527,90324,,,,1.3
4/1/1980,,18919,81,79,59.4,98569,90747,,,,-8
5/1/1980,,18665,81.8,79.8,59.1,98732,90763,,,,-8
6/1/1980,,18591,82.7,80.7,58.9,99830,90922,,,,-8
7/1/1980,,18164,82.7,81.1,58.8,100665,89582,,,,-0.5
8/1/1980,,18456,83.3,81.6,58.8,100202,89865,,,,-0.5
9/1/1980,,18641,84,82.4,58.9,99334,90530,,,,-0.5
10/1/1980,,18648,84.8,83.3,58.9,99999,91128,,,,7.7
11/1/1980,,18699,85.5,83.8,59,99850,91475,,,,7.7
12/1/1980,,18653,86.3,84.3,59,99579,91661,,,,7.7
1/1/1981,,18482,87,84.9,59.1,98139,89837,,,,8.1
2/1/1981,,18468,87.9,85.3,59.2,98401,89985,,,,8.1
3/1/1981,,18559,88.5,85.8,59.4,99364,90520,,,,8.1
4/1/1981,,18647,89.1,86.3,59.6,100345,91157,,,,-2.9
5/1/1981,,18720,89.8,87,59.5,100855,91647,,,,-2.9
6/1/1981,,18890,90.6,87.4,59,101419,92296,,,,-2.9
7/1/1981,,18699,91.6,87.8,59.1,102612,91371,,,,4.9
8/1/1981,,18812,92.3,88.8,59.1,102152,91378,,,,4.9
9/1/1981,,18927,93.2,89.5,58.7,100389,91876,,,,4.9
10/1/1981,,18710,93.4,90.2,58.8,101028,92054,,,,-4.3
11/1/1981,,18492,93.7,90.8,58.6,100502,91888,,,,-4.3
12/1/1981,,18203,94,91.5,58.2,99562,91555,,,,-4.3
1/1/1982,,17874,94.3,92,58.2,97831,89328,,,,-6.1
2/1/1982,,17826,94.6,92.3,58.2,97946,89417,,,,-6.1
3/1/1982,,17762,94.5,92.8,58.1,98471,89710,,,,-6.1
4/1/1982,,17611,94.9,93,57.9,98858,89993,,,,1.8
5/1/1982,,17564,95.8,93.7,58.2,99957,90478,,,,1.8
6/1/1982,,17537,97,94,57.8,100683,90669,,,,1.8
7/1/1982,,17221,97.5,95,57.7,101490,89338,,,,-1.5
8/1/1982,,17249,97.7,95.5,57.8,101177,89212,,,,-1.5
9/1/1982,,17285,97.9,95.8,57.6,99851,89628,,,,-1.5
10/1/1982,,16988,98.2,96.7,57.4,99825,89598,,,,0.2
11/1/1982,,16785,98,97.2,57.3,99379,89495,,,,0.2
12/1/1982,,16653,97.6,97.5,57.2,98849,89396,,,,0.2
1/1/1983,,16530,97.8,98.1,57.2,97262,87729,,,,5.4
2/1/1983,,16543,97.9,98.5,57.1,97265,87741,,,,5.4
3/1/1983,,16612,97.9,98.7,57.1,97994,88344,,,,5.4
4/1/1983,,16720,98.6,99.1,57.3,98840,89187,,,,9.4
5/1/1983,,16873,99.2,99.3,57.3,99543,90019,,,,9.4
6/1/1983,,17078,99.5,99.7,57.8,101813,90844,,,,9.4
7/1/1983,,17017,99.9,100.2,58.1,103273,90271,,,,8.2
8/1/1983,,17223,100.2,100.6,58.2,103167,89998,,,,8.2
9/1/1983,,17448,100.7,101.2,58.4,102366,91719,,,,8.2
10/1/1983,,17486,101,101.6,58.4,102659,92233,,,,8.6
11/1/1983,,17530,101.2,101.9,58.7,103018,92592,,,,8.6
12/1/1983,,17516,101.3,102.2,58.8,102803,92863,,,,8.6
1/1/1984,,17461,101.9,102.6,58.8,101270,91374,,,,8.1
2/1/1984,,17575,102.4,102.9,59.1,101961,91940,,,,8.1
3/1/1984,,17714,102.6,103.4,59.1,102770,92659,,,,8.1
4/1/1984,,17803,103.1,104.1,59.3,103628,93614,,,,7.1
5/1/1984,,17901,103.4,104.4,59.7,105096,94489,,,,7.1
6/1/1984,,18086,103.7,104.9,59.9,106812,95305,,,,7.1
7/1/1984,,17967,104.1,105.5,59.8,107484,94607,,,,3.9
8/1/1984,,18140,104.5,106.1,59.6,106694,94888,,,,3.9
9/1/1984,,18185,105,106.6,59.7,105792,95808,,,,3.9
10/1/1984,,18128,105.3,107.2,59.7,106262,96362,,,,3.3
11/1/1984,,18066,105.3,107.6,59.8,106246,96738,,,,3.3
12/1/1984,,18013,105.3,108.2,59.9,106049,96793,100,,,3.3
1/1/1985,,17860,105.5,108.6,59.9,104344,95049,0,,,3.9
2/1/1985,,17825,106,109.2,60,104690,95259,0,,,3.9
3/1/1985,,17851,106.4,109.5,60.2,105768,96055,0,,,3.9
4/1/1985,,17819,106.9,110,60.1,106175,96875,0,,,3.6
5/1/1985,,17831,107.3,110.9,60.1,106880,97726,0,,,3.6
6/1/1985,,17933,107.6,111.4,59.8,107819,98279,0,,,3.6
7/1/1985,,17718,107.8,111.9,59.9,108854,97418,0,,,6.2
8/1/1985,,17853,108,112.6,60,108628,97667,0,,,6.2
9/1/1985,,17867,108.3,113.1,60.3,107867,98476,0,,,6.2
10/1/1985,,17804,108.7,114,60.3,108428,98987,0,,,3
11/1/1985,,17756,109,114.8,60.4,108282,99240,0,,,3
12/1/1985,,17705,109.3,115.1,60.4,108063,99356,0,,,3
1/1/1986,,17551,109.6,115.5,60.6,106959,97397,101.3,,,3.8
2/1/1986,,17535,109.3,115.6,60.3,106685,97590,99.9,,,3.8
3/1/1986,,17536,108.8,116.2,60.5,107643,98138,98.3,,,3.8
4/1/1986,,17546,108.6,117.4,60.5,108201,98973,97.9,,,1.8
5/1/1986,,17559,108.9,117.6,60.5,109041,99667,98.2,,,1.8
6/1/1986,,17637,109.5,118,60.7,110869,99973,98.2,,,1.8
7/1/1986,,17431,109.5,118.8,60.8,111832,99219,97.5,,,3.9
8/1/1986,,17576,109.7,119,60.8,111515,99393,97.4,,,3.9
9/1/1986,,17635,110.2,119.6,60.8,110229,100317,97.6,,,3.9
10/1/1986,,17570,110.3,120.2,60.9,110857,100886,98.2,,,2.2
11/1/1986,,17541,110.4,120.6,60.9,110751,101141,98.3,,,2.2
12/1/1986,,17505,110.5,120.8,61,110588,101300,98.3,,,2.2
1/1/1987,,17339,111.2,121.3,61,109084,99334,99.1,,,3
2/1/1987,,17377,111.6,121.7,61.1,109464,99657,99.5,,,3
3/1/1987,,17414,112.1,121.8,61.2,110229,100367,99.5,,,3
4/1/1987,,17452,112.7,122,61.3,111041,101369,100.2,,,4.4
5/1/1987,,17503,113.1,122.3,61.6,112377,102135,100.6,,,4.4
6/1/1987,,17639,113.5,122.3,61.4,113498,102742,100.9,,,4.4
7/1/1987,,17528,113.8,123,61.6,114652,101990,101.3,,,3.5
8/1/1987,,17716,114.4,123.8,61.8,114527,102219,101.6,,,3.5
9/1/1987,,17823,115,124.4,61.6,113027,102986,101.3,,,3.5
10/1/1987,,17821,115.3,124.8,61.8,113898,103893,102,,,7
11/1/1987,,17855,115.4,124.8,61.9,113809,104232,102.2,,,7
12/1/1987,,17841,115.4,125.6,62,113679,104472,102.1,,,7
1/1/1988,,17669,115.7,126,62,112139,102380,102.4,,,2.1
2/1/1988,,17700,116,126.3,62.1,112460,102951,102.6,,,2.1
3/1/1988,,17743,116.5,126.4,61.9,112867,103693,102.8,,,2.1
4/1/1988,,17796,117.1,126.6,62.2,113905,104587,103.4,,,5.4
5/1/1988,,17848,117.5,126.9,62,114222,105347,103.9,,,5.4
6/1/1988,,18017,118,127.3,62.3,116209,106208,104.3,,,5.4
7/1/1988,,17867,118.5,127.8,62.3,117066,105315,104.9,,,2.4
8/1/1988,,17985,119,128.4,62.4,116737,105477,105.1,,,2.4
9/1/1988,,18046,119.8,129.1,62.4,115474,106341,105.1,,,2.4
10/1/1988,,18061,120.2,129.4,62.5,116250,107013,105.6,,,5.4
11/1/1988,,18086,120.3,129.8,62.7,116314,107500,106.1,,,5.4
12/1/1988,,18056,120.5,130.1,62.6,115978,107722,106.4,,,5.4
1/1/1989,,17939,121.1,130.5,62.9,114786,105743,107.5,,,4.1
2/1/1989,,17925,121.6,130.9,62.9,115023,106170,107.9,,,4.1
3/1/1989,,17949,122.3,131.1,62.9,115844,106813,108.5,,,4.1
4/1/1989,,17968,123.1,131.4,62.9,116347,107611,109.4,,,3.1
5/1/1989,,17996,123.8,131.7,62.9,117039,108294,110.1,,,3.1
6/1/1989,,18111,124.1,132.3,63,118719,108937,110.1,,,3.1
7/1/1989,,17930,124.4,133,63,119502,107848,109.9,,,3
8/1/1989,,18070,124.6,133.5,63.1,119092,107927,109.6,,,3
9/1/1989,,18062,125,133.9,62.8,117498,108724,109.9,,,3
10/1/1989,,17997,125.6,134.7,62.9,118194,109217,110.8,,,0.8
11/1/1989,,17967,125.9,135.2,63,118168,109657,110.8,,,0.8
12/1/1989,,17909,126.1,135.5,63,117698,109666,111,,,0.8
1/1/1990,,17649,127.4,135.8,63.2,116944,107573,112.7,,,4.4
2/1/1990,,17727,128,136,63.2,117192,108069,112.2,,,4.4
3/1/1990,,17723,128.7,136.5,63.2,117986,108724,112.3,,,4.4
4/1/1990,,17734,128.9,137,63,118218,109365,112.6,,,1.5
5/1/1990,,17748,129.2,137.3,63.1,119148,110270,113.1,,,1.5
6/1/1990,,17870,129.9,137.9,62.9,120523,110837,113.1,,,1.5
7/1/1990,,17691,130.4,138.7,62.8,120882,109568,113.2,,,0.3
8/1/1990,,17803,131.6,139.4,62.7,120096,109450,114.6,,,0.3
9/1/1990,,17786,132.7,140,62.5,118782,110045,116.2,,,0.3
10/1/1990,,17694,133.5,140.5,62.5,119175,110242,118.1,,,-3.6
11/1/1990,,17501,133.8,140.7,62.3,118463,110205,118.2,,,-3.6
12/1/1990,,17413,133.8,141.1,62.2,118110,109976,117.2,,,-3.6
1/1/1991,,17184,134.6,141.2,62,115837,107426,116.9,,,-1.9
2/1/1991,,17053,134.8,141.5,61.9,115941,107394,116.2,,,-1.9
3/1/1991,,17001,135,142,61.8,116440,107683,115.3,,,-1.9
4/1/1991,,16987,135.2,142.5,62,117472,108072,115.4,,,3.2
5/1/1991,,17037,135.6,142.8,61.6,117428,108754,115.6,,,3.2
6/1/1991,,17134,136,143,61.7,119151,109235,115.6,,,3.2
7/1/1991,,17001,136.2,143.7,61.6,119666,108033,115.4,,,2
8/1/1991,,17175,136.6,143.7,61.5,118758,108125,115.7,,,2
9/1/1991,,17178,137.2,144.6,61.6,118156,108842,115.7,,,2
10/1/1991,,17110,137.4,144.6,61.5,118404,109212,116.4,,,1.4
11/1/1991,,17027,137.8,145,61.4,117972,109229,116.5,,,1.4
12/1/1991,,16932,137.9,145.2,61.2,117395,109113,116,,,1.4
1/1/1992,,16703,138.1,145.4,61.5,115928,106726,115.9,146376,,4.9
2/1/1992,,16679,138.6,145.6,61.3,116024,106979,116.3,147079,,4.9
3/1/1992,,16677,139.3,146.4,61.5,116929,107498,116.4,159336,,4.9
4/1/1992,,16733,139.5,146.2,61.6,117776,108333,116.9,163669,,4.4
5/1/1992,,16795,139.7,146.3,61.5,118388,109140,117.6,170068,,4.4
6/1/1992,,16917,140.2,146.6,61.5,119831,109629,117.9,168663,,4.4
7/1/1992,,16813,140.5,147,61.6,120744,108611,117.8,169890,,4
8/1/1992,,16905,140.9,147,61.6,120070,108667,117.6,170364,,4
9/1/1992,,16914,141.3,147.2,61.4,118880,109452,117.6,164617,,4
10/1/1992,,16845,141.8,148,61.3,119185,110039,118.3,173655,,4.2
11/1/1992,,16822,142,148.6,61.4,119159,110280,118.2,171547,,4.2
12/1/1992,,16781,141.9,148.6,61.4,118990,110269,117.9,208838,,4.2
1/1/1993,,16661,142.6,148.9,61.4,117027,108103,118.4,153221,,0.7
2/1/1993,,16671,143.1,149.1,61.4,117646,108706,118.9,150087,,0.7
3/1/1993,,16681,143.6,149.1,61.5,118350,109140,119.3,170439,,0.7
4/1/1993,,16684,144,149.7,61.5,118781,110144,119.7,176456,,2.3
5/1/1993,,16733,144.2,149.9,61.7,120142,111107,119.8,182231,,2.3
6/1/1993,,16834,144.4,150.3,61.8,121587,111698,119.5,181535,,2.3
7/1/1993,,16726,144.4,150.4,61.8,122352,110829,119.3,183682,,1.9
8/1/1993,,16853,144.8,150.8,62,122018,110940,118.6,183318,,1.9
9/1/1993,,16891,145.1,151,61.7,120673,111929,118.4,177406,,1.9
10/1/1993,,16869,145.7,151.4,61.8,121389,112596,119.4,182737,,5.6
11/1/1993,,16856,145.8,151.6,61.9,121568,112939,119.3,187443,,5.6
12/1/1993,,16824,145.8,151.9,62,121578,113089,118.8,224540,,5.6
1/1/1994,,16722,146.2,152.2,62.2,119901,110839,119.3,161349,,3.9
2/1/1994,,16744,146.7,152.8,62.3,120503,111419,119.8,162841,,3.9
3/1/1994,,16799,147.2,153.2,62.1,120844,112394,119.9,192319,,3.9
4/1/1994,,16855,147.4,153.3,62.3,121604,113474,120.1,189569,,5.5
5/1/1994,,16932,147.5,153.3,62.5,122946,114486,120.4,194927,,5.5
6/1/1994,,17103,148,153.4,62.3,123864,115276,120.4,197946,,5.5
7/1/1994,,16991,148.4,153.9,62.3,124503,114331,120.9,193355,,2.4
8/1/1994,,17183,149,154.5,62.6,124493,114639,121.5,202388,,2.4
9/1/1994,,17222,149.4,155,62.7,123775,115699,121.1,193954,,2.4
10/1/1994,,17226,149.5,155.2,62.9,124724,116324,121.5,197956,,4.7
11/1/1994,,17238,149.7,155.6,63,124896,116932,121.9,202520,,4.7
12/1/1994,,17230,149.7,155.7,63.1,124729,116970,121.7,241111,,4.7
1/1/1995,,17133,150.3,156.1,63,122597,114662,122.6,175344,,1.4
2/1/1995,,17158,150.9,156.4,63.1,123343,115320,123.1,172138,,1.4
3/1/1995,,17177,151.4,156.7,63.1,123943,116076,123.4,201279,,1.4
4/1/1995,,17206,151.9,157,63.1,124278,116909,124.1,196039,,1.2
5/1/1995,,17234,152.2,157.2,62.7,124554,117632,124.5,210478,,1.2
6/1/1995,,17342,152.5,157.5,62.7,125720,118348,124.4,211844,,1.2
7/1/1995,,17177,152.5,157.9,62.8,126548,117113,124.4,203411,,3.5
8/1/1995,,17335,152.9,158.2,62.8,125926,117377,124.4,214248,,3.5
9/1/1995,,17341,153.2,158.5,62.9,125173,118292,124.3,202122,,3.5
10/1/1995,,17290,153.7,158.9,62.9,125979,118893,125.1,204044,,2.7
11/1/1995,,17248,153.6,159.3,62.8,125599,119132,125.1,212190,,2.7
12/1/1995,,17251,153.5,159.6,62.7,125136,119130,125.3,247491,,2.7
1/1/1996,,17083,154.4,160,62.7,123126,116431,125.8,185019,,3
2/1/1996,,17130,154.9,160.4,62.9,124137,117370,125.7,192380,,3
3/1/1996,,17113,155.7,160.6,63,124992,118175,126,212110,,3
4/1/1996,,17137,156.3,160.9,63,125388,119013,126.8,211718,,6.8
5/1/1996,,17210,156.6,161.2,63,126391,120140,127.4,226936,,6.8
6/1/1996,,17323,156.7,161.7,63.2,127706,120804,127.1,217511,,6.8
7/1/1996,,17181,157,162.2,63.3,128579,119767,127.1,218111,,3.6
8/1/1996,,17362,157.3,162.5,63.3,128143,120059,127.4,226062,,3.6
9/1/1996,,17348,157.8,162.9,63.4,127529,120804,127.5,209250,,3.6
10/1/1996,,17333,158.3,163.3,63.5,128439,121524,128.2,222663,,4.2
11/1/1996,,17312,158.6,163.7,63.4,128157,121984,128,223953,,4.2
12/1/1996,,17308,158.6,164,63.4,127903,121963,128,258081,,4.2
1/1/1997,,17183,159.1,164.4,63.4,126384,119421,128.1,200389,,2.6
2/1/1997,,17223,159.6,164.8,63.4,126887,120282,127.9,197556,,2.6
3/1/1997,,17268,160,165.1,63.6,128125,121165,127.8,225133,,2.6
4/1/1997,,17288,160.2,165.5,63.7,128629,122140,127.7,220329,,6.8
5/1/1997,,17356,160.1,165.9,63.8,129565,123221,127.6,234190,,6.8
6/1/1997,,17485,160.3,166.4,63.7,130463,123870,127.2,227365,,6.8
7/1/1997,,17352,160.5,166.8,63.9,131350,122886,126.9,231521,,5.1
8/1/1997,,17553,160.8,167.3,63.9,130865,122954,127.4,235252,,5.1
9/1/1997,,17550,161.2,167.8,63.9,129972,123958,127.3,222807,,5.1
10/1/1997,,17563,161.6,168.2,63.9,130671,124861,127.6,232251,,3.5
11/1/1997,,17597,161.5,168.7,64.1,130999,125255,127.5,228284,,3.5
12/1/1997,,17613,161.3,169.1,64,130785,125393,127,271054,,3.5
1/1/1998,,17511,161.6,169.5,64,128882,122842,126.4,207853,,4.1
2/1/1998,,17536,161.9,169.9,64,129482,123618,126.1,203863,,4.1
3/1/1998,,17569,162.2,170.3,64,130150,124341,125.9,230313,,4.1
4/1/1998,,17580,162.5,170.7,64.1,130735,125382,126.2,234503,,3.8
5/1/1998,,17607,162.8,171.1,64.1,131476,126466,126.4,245027,,3.8
6/1/1998,,17709,163,171.7,64,132265,127129,126.2,244067,,3.8
7/1/1998,,17404,163.2,172.2,64,132769,126057,126.2,241431,,5.1
8/1/1998,,17640,163.4,172.8,63.9,132206,126299,126,240462,,5.1
9/1/1998,,17632,163.6,173.4,64.2,131864,127108,125.9,231243,,5.1
10/1/1998,,17551,164,173.9,64.1,132424,127887,126.4,244234,,6.6
11/1/1998,,17502,164,174.5,64.2,132577,128290,126.2,240991,,6.6
12/1/1998,,17475,163.9,174.9,64.3,132732,128459,125.9,288969,,6.6
1/1/1999,,17324,164.3,175.3,64.4,131339,125708,126.2,218126,,3.8
2/1/1999,,17305,164.5,175.6,64.2,131639,126696,125.9,220650,,3.8
3/1/1999,,17303,165,176,64.2,132299,127409,126.3,253550,,3.8
4/1/1999,,17291,166.2,176.4,64.2,132552,128555,127.4,250783,,3.1
5/1/1999,,17316,166.2,176.7,64.3,133411,129423,127.7,262113,,3.1
6/1/1999,,17394,166.2,177.1,64.2,134395,130150,127.8,260918,,3.1
7/1/1999,,17303,166.7,177.5,64.2,134800,129280,128.3,262051,,5.3
8/1/1999,,17363,167.1,177.9,64.2,134264,129336,129,265089,,5.3
9/1/1999,,17334,167.9,178.4,64.2,133555,130114,129.7,253905,,5.3
10/1/1999,,17313,168.2,178.8,64.3,134390,131049,130.2,258040,,7
11/1/1999,,17317,168.3,179.8,64.4,134515,131510,130.3,264106,,7
12/1/1999,,17299,168.3,180.3,64.4,134696,131646,130.5,317659,,7
1/1/2000,,17179,168.8,181.1,64.6,134912,129005,130.8,236422,105.3,1.5
2/1/2000,,17192,169.8,181.5,64.6,135490,129667,132.2,250580,104.4,1.5
3/1/2000,,17236,171.2,182,64.6,136054,130764,132.9,279515,99.2,1.5
4/1/2000,,17249,171.3,182.3,64.7,136927,131762,132.6,264417,98,7.5
5/1/2000,,17262,171.5,182.7,64.4,136685,132718,133.1,283706,98.6,7.5
6/1/2000,,17403,172.4,183.2,64.5,137915,133230,134.2,281288,99.6,7.5
7/1/2000,,17318,172.8,183.9,64.2,137769,132011,133.9,271146,97.4,0.5
8/1/2000,,17365,172.8,184.6,64.2,137308,132023,133.5,283944,99.6,0.5
9/1/2000,,17278,173.7,185.3,64.2,136790,132690,134.7,269155,99.6,0.5
10/1/2000,,17251,174,186.1,64.2,137532,133249,134.9,270899,99.5,2.5
11/1/2000,,17226,174.1,186.8,64.3,137461,133614,134.9,276507,99.8,2.5
12/1/2000,,17200,174,187.6,64.4,137846,133555,134.3,319958,98.9,2.5
1/1/2001,,16993,175.1,188.2,64.4,136181,130681,134.8,250746,99.5,-1.1
2/1/2001,,16933,175.8,188.9,64.3,136577,131348,134.8,247772,99.9,-1.1
3/1/2001,,16869,176.2,189.6,64.3,137155,131942,134.5,280449,99.1,-1.1
4/1/2001,,16750,176.9,190.2,64,137022,132349,135.6,274925,98.1,2.4
5/1/2001,,16646,177.7,191,63.8,137121,133056,136.5,296013,99.3,2.4
6/1/2001,,16615,178,191.6,63.7,137737,133435,135.8,287881,98.4,2.4
7/1/2001,,16393,177.5,192.3,63.7,138239,131946,134.4,279098,97.6,-1.7
8/1/2001,,16332,177.5,193.1,63.2,136809,131876,134.6,294763,99.3,-1.7
9/1/2001,,16186,178.3,193.9,63.5,136835,132142,135.6,261924,98.1,-1.7
10/1/2001,,16010,177.7,194.7,63.2,136885,132344,133.7,291596,98.8,1.1
11/1/2001,,15847,177.4,195.5,63,136370,132155,132.7,287537,98,1.1
12/1/2001,,15723,176.7,196.4,62.9,136269,131773,131.6,326202,97.7,1.1
1/1/2002,,15475,177.1,197,62.7,134177,128890,131.7,255598,98.8,3.5
2/1/2002,,15414,177.8,197.7,63,135443,129362,132,253086,100.3,3.5
3/1/2002,,15375,178.8,198.2,62.8,135558,129969,132.8,285261,98.8,3.5
4/1/2002,,15341,179.8,198.5,62.7,135903,130558,133.8,284747,99.8,2.4
5/1/2002,,15335,179.8,198.8,62.9,136559,131329,133.5,300402,100.9,2.4
6/1/2002,,15399,179.9,199.3,62.7,137181,131711,133.6,288854,101.5,2.4
7/1/2002,,15274,180.1,199.8,62.7,137495,130270,133.6,295433,102.6,1.8
8/1/2002,,15272,180.7,200.2,62.7,137295,130356,133.7,307256,102.5,1.8
9/1/2002,,15194,181,200.7,63,137377,130875,135,273189,103,1.8
10/1/2002,,15096,181.3,201.3,62.7,137551,131546,135.6,287540,104.4,0.6
11/1/2002,,15009,181.3,202,62.5,136684,131667,134.6,290705,104.7,0.6
12/1/2002,,14919,180.9,202.5,62.4,136599,131259,134,337006,105,0.6
1/1/2003,,14744,181.7,203.3,62.5,135907,128577,135.7,268328,104.1,2.2
2/1/2003,,14674,183.1,203.7,62.5,136433,128994,137.6,259051,103.6,2.2
3/1/2003,,14654,184.2,204.1,62.4,136783,129490,138.7,293693,103.6,2.2
4/1/2003,,14563,183.8,204.5,62.4,137424,130148,136.3,294251,103.9,3.5
5/1/2003,,14556,183.5,204.9,62.3,137567,130909,135.8,312389,102.9,3.5
6/1/2003,,14593,183.7,205.1,62.3,138468,131239,136.3,300998,102.8,3.5
7/1/2003,,14432,183.9,205.6,62.1,138503,129899,136.4,309923,104.1,7
8/1/2003,,14467,184.6,206.1,62.1,138137,129953,137,317056,103.7,7
9/1/2003,,14419,185.2,206.6,62,137731,130608,137.1,293890,104.9,7
10/1/2003,,14368,185,206.9,62.1,138619,131401,138.2,304036,106.6,4.7
11/1/2003,,14339,184.5,207.5,62.3,138700,131565,137.7,301265,106.2,4.7
12/1/2003,,14304,184.3,207.9,62.2,138556,131385,137.7,357577,108.7,4.7
1/1/2004,,14171,185.2,208.3,62.3,136924,128726,138.9,281460,107.8,2.2
2/1/2004,,14172,186.2,208.8,62.3,137384,129337,139.3,282444,108.6,2.2
3/1/2004,,14220,187.4,209.2,62.2,137691,130378,140.3,319077,110.2,2.2
4/1/2004,,14267,188,209.7,62.3,138423,131494,141.8,315191,110.6,3.1
5/1/2004,,14337,189.1,210.2,62.3,138867,132397,143.3,328408,110.3,3.1
6/1/2004,,14434,189.7,210.7,62.4,139861,132843,142.9,321044,110.9,3.1
7/1/2004,,14370,189.4,211.2,62.5,140700,131682,143.2,328000,111.1,3.8
8/1/2004,,14431,189.5,211.9,62.4,140226,131702,143.7,326317,110.1,3.8
9/1/2004,,14385,189.9,212.4,62.3,139641,132417,144.2,313524,110.6,3.8
10/1/2004,,14360,190.9,212.8,62.3,140447,133398,146.5,319726,111.3,4.1
11/1/2004,,14331,191,213.2,62.5,140581,133649,146.1,324259,112.1,4.1
12/1/2004,,14306,190.3,213.9,62.4,140278,133418,145,387155,111.7,4.1
1/1/2005,,14142,190.7,214.5,62.4,138682,130713,146.2,293261,114,4.5
2/1/2005,,14168,191.8,215,62.4,139100,131536,147,295062,113.1,4.5
3/1/2005,,14200,193.3,215.5,62.4,139759,132376,148.9,339141,112.3,4.5
4/1/2005,,14203,194.6,216,62.7,140939,133589,149.6,335632,113,1.9
5/1/2005,,14246,194.4,216.4,62.8,141591,134402,149.4,345348,112.3,1.9
6/1/2005,,14323,194.5,216.8,62.7,142456,135071,149.6,350945,111.7,1.9
7/1/2005,,14250,195.4,217.5,62.8,143283,134011,151,351827,111.8,3.6
8/1/2005,,14288,196.4,218,62.9,143142,134261,151.8,355701,112.5,3.6
9/1/2005,,14234,198.8,218.6,62.8,142579,134889,154.2,333289,111.5,3.6
10/1/2005,,14224,199.2,219.3,62.8,143340,135617,156.6,336134,111.1,2.6
11/1/2005,,14218,197.6,220,62.7,142968,136174,152.7,343798,113.7,2.6
12/1/2005,,14222,196.8,220.5,62.8,142918,135973,152.8,405608,112.5,2.6
1/1/2006,,14093,198.3,220.9,62.9,141481,133320,154.1,318546,112.5,5.4
2/1/2006,,14104,198.7,221.6,63,141994,134245,153.5,314051,111.5,5.4
3/1/2006,20.07,14141,199.8,222.3,63.1,142772,135226,155,361993,112,5.4
4/1/2006,20.36,14172,201.5,222.9,63,143405,136140,157.2,351667,111.3,0.9
5/1/2006,20.06,14187,202.5,223.6,63.1,144041,136946,158.5,373560,113.6,0.9
6/1/2006,20.05,14303,202.9,224.4,63.1,145216,137449,159.5,366615,113.1,0.9
7/1/2006,20.28,14215,203.5,225.2,63,145606,136273,159.4,362203,111.9,0.6
8/1/2006,20.13,14246,203.9,226.2,63.1,145379,136479,159.8,375795,109.5,0.6
9/1/2006,20.35,14192,202.9,227.1,63.1,145010,137149,156.8,346214,112.9,0.6
10/1/2006,20.51,14114,201.8,228,63.3,146125,137849,155.9,348796,110.8,3.5
11/1/2006,20.44,14060,201.5,228.9,63.3,146014,138234,156.4,356928,108.5,3.5
12/1/2006,20.6,14036,201.8,230,63.4,146081,138124,156.9,417991,110.6,3.5
1/1/2007,20.69,13898,202.416,230.806,63.3,144275,135334,156.4,328877,109.8,0.9
2/1/2007,20.78,13886,203.499,231.739,63.3,144479,136026,157.7,323162,110.4,0.9
3/1/2007,20.75,13887,205.352,232.495,63.3,145323,136923,160.1,374142,111.8,0.9
4/1/2007,20.99,13875,206.686,232.98,63,145297,137730,162.2,358535,110.3,2.3
5/1/2007,20.77,13901,207.949,233.549,63,145864,138673,163.8,391512,110.3,2.3
6/1/2007,20.77,13987,208.352,234.071,63,146958,139175,163.7,376639,109.7,2.3
7/1/2007,20.94,13919,208.299,234.732,62.9,147315,137778,164.9,372354,108.7,2.2
8/1/2007,20.8,13927,207.917,235.311,62.7,146406,137890,163,388016,109.5,2.2
9/1/2007,21.13,13886,208.49,236.058,62.9,146448,138455,163.7,353936,109.4,2.2
10/1/2007,21.01,13812,208.936,237.135,62.7,146743,139198,164.5,368681,110.8,2.5
11/1/2007,21.07,13795,210.177,238.169,62.9,147118,139510,168,377802,110.6,2.5
12/1/2007,21.31,13776,210.036,239.102,62.7,146334,139297,166.9,426077,110.7,2.5
1/1/2008,21.29,13619,211.08,239.85,62.9,144607,136268,168.5,342639,113.3,-2.3
2/1/2008,21.36,13578,211.693,240.325,62.8,144550,136787,169.6,343893,111.3,-2.3
3/1/2008,21.52,13559,213.528,240.874,62.7,145108,137378,173.4,372907,109.7,-2.3
4/1/2008,21.43,13516,214.823,241.474,62.7,145921,137914,175.3,368920,111.5,2.1
5/1/2008,21.4,13530,216.632,241.803,62.5,145927,138488,179.4,397956,111.3,2.1
6/1/2008,21.48,13580,218.815,242.64,62.4,146649,138682,182,378507,109.8,2.1
7/1/2008,21.44,13472,219.964,243.367,62.2,146867,137203,185.6,383726,111,-2.1
8/1/2008,21.49,13459,219.086,244.181,62,145909,137094,182.6,382862,109.1,-2.1
9/1/2008,21.68,13376,218.783,244.926,61.9,145310,137148,182.9,350542,107.4,-2.1
10/1/2008,21.72,13214,216.573,245.855,61.7,145543,137442,176.8,349847,107.4,-8.4
11/1/2008,21.97,13085,212.425,246.681,61.4,144609,136761,169.4,335545,104.3,-8.4
12/1/2008,21.96,12883,210.228,247.278,61,143350,135732,164.1,384236,100.4,-8.4
1/1/2009,22.05,12450,211.143,247.974,60.6,140436,132042,164.7,310188,98.5,-4.4
2/1/2009,22.22,12266,212.193,248.305,60.3,140105,131808,163.9,299412,101,-4.4
3/1/2009,22.22,12112,212.709,248.639,59.9,139833,131675,162.9,328526,95.8,-4.4
4/1/2009,22.13,11957,213.24,248.899,59.8,140586,131859,164.2,329854,94.8,-0.6
5/1/2009,22.04,11829,213.856,249.069,59.6,140363,132132,165.8,347728,94.9,-0.6
6/1/2009,21.96,11791,215.693,249.092,59.4,140826,131950,168.4,344405,96.1,-0.6
7/1/2009,22,11704,215.351,248.994,59.3,141055,130353,167.1,348071,98.3,1.5
8/1/2009,22.16,11722,215.834,249.029,59.1,140074,130231,169.4,353392,99.2,1.5
9/1/2009,22.2,11685,215.969,248.965,58.7,139079,130589,168.6,324646,99.6,1.5
10/1/2009,22.27,11607,216.177,248.888,58.5,139088,131188,168.9,338610,98.5,4.5
11/1/2009,22.44,11550,216.33,248.886,58.6,139132,131236,170.7,339363,101.2,4.5
12/1/2009,22.38,11494,215.949,248.999,58.3,137953,130690,170.8,400281,101.6,4.5
1/1/2010,22.51,11357,216.687,249.144,58.5,136809,127820,173.1,314557,103.2,1.5
2/1/2010,22.57,11340,216.741,249.017,58.5,137203,128255,172.2,310925,105.3,1.5
3/1/2010,22.48,11367,217.631,249.089,58.5,137983,129089,173.9,360679,105.5,1.5
4/1/2010,22.53,11425,218.009,249.012,58.7,139302,130212,175.2,356333,106.4,3.7
5/1/2010,22.6,11499,218.178,248.925,58.6,139497,131330,176.1,365605,106.3,3.7
6/1/2010,22.34,11613,217.965,248.999,58.5,139882,131448,174.8,358604,106.5,3.7
7/1/2010,22.41,11614,218.011,249.126,58.5,140134,130111,174.7,361939,106.9,3
8/1/2010,22.55,11651,218.312,249.024,58.6,139919,130175,175.3,362627,106.8,3
9/1/2010,22.6,11638,218.439,249.368,58.5,139715,130669,175.5,345999,107.1,3
10/1/2010,22.7,11619,218.711,249.618,58.3,139749,131641,177.3,355209,107.9,2
11/1/2010,22.69,11610,218.803,250.317,58.2,139415,131947,178.2,365828,107.3,2
12/1/2010,22.76,11604,219.179,250.986,58.3,139159,131641,179.1,426663,108.7,2
1/1/2011,23.16,11524,220.223,251.555,58.3,137599,128778,181.1,335587,110,-1
2/1/2011,22.99,11542,221.309,251.829,58.4,138093,129592,183.3,337314,109.5,-1
3/1/2011,22.9,11588,223.467,252.145,58.4,138962,130499,187.3,387088,110.9,-1
4/1/2011,22.96,11640,224.906,252.221,58.4,139661,131715,190.2,380775,110.3,2.9
5/1/2011,23.06,11690,225.964,252.393,58.3,140028,132399,191.9,391999,108.7,2.9
6/1/2011,22.81,11801,225.722,252.592,58.2,140129,132889,191.1,388700,110.3,2.9
7/1/2011,22.94,11813,225.922,253.085,58.2,140384,131615,191.7,384682,110.4,-0.1
8/1/2011,22.85,11863,226.545,254.003,58.3,140335,131890,190.7,394609,110.6,-0.1
9/1/2011,23.05,11840,226.889,254.628,58.4,140502,132636,191.5,375025,111.3,-0.1
10/1/2011,23.3,11826,226.421,255.651,58.4,140987,133558,190.2,379482,111.5,4.7
11/1/2011,23.15,11790,226.23,256.367,58.6,141070,133893,190.6,391220,111.9,4.7
12/1/2011,23.22,11800,225.672,257.189,58.6,140681,133718,189.6,451821,115,4.7
1/1/2012,23.56,11735,226.665,257.714,58.4,139944,131113,191.1,355184,111.6,3.2
2/1/2012,23.4,11751,227.663,258.184,58.5,140684,132067,192.1,372401,111.9,3.2
3/1/2012,23.39,11822,229.392,258.569,58.5,141412,132971,194.3,414149,111.7,3.2
4/1/2012,23.61,11852,230.085,258.922,58.4,141995,133854,194.7,392949,111.9,1.7
5/1/2012,23.32,11913,229.815,259.231,58.5,142727,134667,193.6,418608,112.7,1.7
6/1/2012,23.27,12024,229.478,259.407,58.6,143202,135005,191.7,400975,113.5,1.7
7/1/2012,23.48,12037,229.104,260.107,58.5,143126,133795,191.2,396026,113.4,0.5
8/1/2012,23.26,12058,230.379,260.677,58.4,142558,134175,193.5,417922,112.6,0.5
9/1/2012,23.67,12023,231.407,261.421,58.7,143333,134802,195.4,385609,111.9,0.5
10/1/2012,23.52,11994,231.317,262.707,58.8,144039,135649,195.1,399400,110.3,0.5
11/1/2012,23.58,11954,230.221,263.365,58.7,143549,136039,192.6,411065,112,0.5
12/1/2012,23.85,11958,229.601,264.098,58.7,143060,135964,191.8,462102,112.2,0.5
1/1/2013,23.88,11880,230.28,264.7,58.6,141614,133081,192.6,375587,114.3,3.6
2/1/2013,23.9,11901,232.166,265.256,58.6,142228,134120,195.2,373987,115.9,3.6
3/1/2013,23.84,11935,232.773,265.821,58.5,142698,134918,194.5,421719,115.8,3.6
4/1/2013,23.92,11945,232.531,265.984,58.6,143724,135923,194,408544,114.7,0.5
5/1/2013,23.8,11995,232.945,266.559,58.6,144432,136816,194,437188,115.8,0.5
6/1/2013,23.92,12086,233.504,266.905,58.6,144841,137226,193.9,414714,116.5,0.5
7/1/2013,23.81,12054,233.596,267.482,58.7,145113,136052,194,422410,115.9,3.2
8/1/2013,23.8,12107,233.877,268.505,58.7,144509,136488,194.6,435005,116.6,3.2
9/1/2013,24.16,12091,234.149,269.137,58.7,144651,137096,194.3,396213,116.5,3.2
10/1/2013,24.04,12080,233.546,269.96,58.3,144144,138019,193.7,415700,116.5,3.2
11/1/2013,24.11,12080,233.069,270.698,58.6,144775,138543,192.7,423786,118.8,3.2
12/1/2013,24.3,12084,233.049,271.688,58.7,144423,138292,193.2,476910,117.7,3.2
1/1/2014,24.35,11987,233.916,272.317,58.8,143526,135488,194.2,383054,116.1,-1.1
2/1/2014,24.58,12019,234.781,272.733,58.7,144134,136229,195.2,380019,118,-1.1
3/1/2014,24.5,12061,236.293,273.486,58.9,145090,137187,196.2,432651,119.9,-1.1
4/1/2014,24.4,12079,237.072,274.1,58.9,145767,138325,197.5,431396,120.5,5.5
5/1/2014,24.3,12139,237.9,274.71,58.9,146398,139237,197.2,459231,120.9,5.5
6/1/2014,24.42,12254,238.343,275.321,59,147104,139824,197.2,433282,119.8,5.5
7/1/2014,24.31,12259,238.25,276.248,59,147265,138745,197.4,443281,120.4,5
8/1/2014,24.32,12296,237.852,277.048,59,146647,139125,197.4,451366,120.9,5
9/1/2014,24.5,12276,238.031,277.998,59.1,146941,139812,196.8,421424,121.7,5
10/1/2014,24.52,12274,237.433,278.985,59.3,147936,140866,194.8,438457,122.6,2.3
11/1/2014,24.78,12283,236.151,280.123,59.2,147666,141331,192.7,439165,123.2,2.3
12/1/2014,24.59,12294,234.812,280.874,59.3,147190,141326,189.1,502330,123.1,2.3
1/1/2015,24.88,12203,233.707,281.572,59.3,146552,138511,185,398027,122.8,3.2
2/1/2015,25.05,12219,234.722,282.389,59.2,147118,139343,185.4,388063,121.6,3.2
3/1/2015,25.04,12254,236.119,283.13,59.2,147635,140099,186.2,445970,122.6,3.2
4/1/2015,24.94,12267,236.599,283.598,59.3,148587,141283,185.7,439637,121.5,3
5/1/2015,24.88,12319,237.805,284.245,59.4,149349,142224,188.2,464785,121.8,3
6/1/2015,24.77,12423,238.638,285.031,59.3,149645,142700,188.9,449794,121.4,3
7/1/2015,24.83,12426,238.654,286.09,59.3,149722,141747,188.5,459533,122.4,1.3
8/1/2015,25.04,12434,238.316,287.068,59.4,149228,141939,187,457905,123,1.3
9/1/2015,25.05,12395,237.945,288.306,59.2,148980,142497,184.3,432782,122.9,1.3
10/1/2015,25.14,12374,237.838,289.428,59.3,149716,143645,183.7,446593,122.4,0.1
11/1/2015,25.38,12355,237.336,290.322,59.4,149766,144066,182.9,446773,120.8,0.1
12/1/2015,25.21,12368,236.525,291.204,59.6,149703,144063,180.8,519625,120.3,0.1
1/1/2016,25.5,12293,236.916,292.004,59.7,149037,141088,179.7,401982,122,2
2/1/2016,25.49,12290,237.111,292.777,59.8,150060,141919,178.7,415189,121.4,2
3/1/2016,25.49,12288,238.132,293.489,59.8,150738,142814,179.3,461198,120.2,2
4/1/2016,25.59,12300,239.261,294.175,59.7,151075,143909,180.5,451468,122.4,1.9
5/1/2016,25.68,12316,240.229,295.036,59.7,151594,144557,181.9,470430,121.6,1.9
6/1/2016,25.41,12440,241.018,295.902,59.6,151990,145222,183.6,465023,122.4,1.9
7/1/2016,25.52,12444,240.628,296.862,59.7,152437,144248,183.4,462162,125.2,2.2
8/1/2016,25.51,12438,240.849,297.916,59.8,151804,144502,182.5,471996,122.8,2.2
9/1/2016,25.73,12383,241.428,298.962,59.8,151977,145168,183,448749,121.6,2.2
10/1/2016,26.02,12358,241.729,300.4,59.7,152335,146049,183.7,453088,122.6,2
11/1/2016,25.85,12338,241.353,301.587,59.8,152385,146482,183.2,467765,123.2,2
12/1/2016,25.87,12354,241.432,302.735,59.8,151798,146270,183.9,540273,123.9,2
1/1/2017,26.31,12277,242.839,303.467,59.9,150527,143393,185.6,421560,123.7,2.3
2/1/2017,26.17,12315,243.603,304.211,59.9,151594,144423,186.2,417983,124.5,2.3
3/1/2017,26.14,12340,243.801,304.868,60.1,152628,145078,186.7,483059,124.5,2.3
4/1/2017,26.42,12348,244.524,305.477,60.2,153262,146103,187.6,466058,124.8,2.2
5/1/2017,26.14,12387,244.733,306.379,60,153407,146941,187.3,495264,124.8,2.2
6/1/2017,26.04,12505,244.955,307.314,60.1,154086,147585,187.6,482456,125.4,2.2
7/1/2017,26.35,12492,244.786,308.173,60.1,154470,146481,187.3,475984,127.7,3.2
8/1/2017,26.17,12547,245.519,309.479,60.1,153576,146799,188.4,491090,128.1,3.2
9/1/2017,26.47,12504,246.819,310.268,60.4,154494,147187,189.6,470406,127.6,3.2
10/1/2017,26.63,12499,246.663,311.501,60.2,154223,148200,190.2,476925,129.2,3.5
11/1/2017,26.47,12509,246.669,312.67,60.1,154180,148774,191.2,499446,131.2,3.5
12/1/2017,26.58,12548,246.524,313.904,60.2,153602,148526,191.3,560379,132.3,3.5
1/1/2018,26.87,12468,247.867,314.788,60.2,152848,145428,192.6,445484,130.3,2.5
2/1/2018,26.84,12521,248.991,315.277,60.4,154403,146665,193.5,437005,132.9,2.5
3/1/2018,26.87,12558,249.554,315.883,60.4,154877,147368,194,510380,134.6,2.5
4/1/2018,27.16,12579,250.546,316.763,60.3,155348,148383,195.3,482412,134.7,3.5
5/1/2018,26.9,12636,251.588,317.49,60.4,156009,149360,197.7,530082,135.6,3.5
6/1/2018,26.79,12772,251.989,318.318,60.4,156465,150062,198.4,510029,136.6,3.5
7/1/2018,27.1,12783,252.006,319.351,60.5,157004,148948,198.5,508010,135.4,2.9
8/1/2018,27,12801,252.146,320.651,60.3,155539,149453,198.6,523933,135.1,2.9
9/1/2018,27.44,12772,252.439,321.533,60.4,156191,149793,198.9,481094,136.4,2.9
10/1/2018,27.3,12774,252.885,322.628,60.6,156952,150853,200.4,506360,138,1.1
11/1/2018,27.34,12783,252.038,323.968,60.6,157015,151375,198.4,522804,138.8,1.1
12/1/2018,27.68,12815,251.233,324.815,60.6,156481,151203,195.2,563497,136.2,1.1
1/1/2019,27.71,12741,251.712,325.597,60.7,154964,148295,194.3,459143,137.3,3.1
2/1/2019,27.77,12766,252.776,326.351,60.7,156167,149148,195.4,444794,135.7,3.1
3/1/2019,27.74,12778,254.202,327.513,60.6,156441,149864,197.4,518304,136.6,3.1
4/1/2019,27.81,12778,255.548,328.678,60.6,156710,150938,199.2,510176,138.2,2
5/1/2019,27.73,12811,256.092,329.333,60.6,157152,151610,199.1,547036,138.1,2
6/1/2019,27.85,12926,256.143,330.648,60.6,157828,152243,197.2,517984,137.8,2
7/1/2019,27.82,12925,256.571,331.605,60.7,158385,151169,198.1,533058,138.7,2
8/1/2019,27.88,12935,256.558,332.638,60.9,157816,151587,196.8,545940,140.6,2
9/1/2019,28.24,12884,256.759,333.834,61,158478,151949,196.4,545940,140.6,2
